Respondent_ID,Timestamp,Age,Gender,Education level,"IT proficiency at the,",You receive an unexpected email asking to confirm your personal details like this. What should you do?,You receive an unexpected email that feels suspicious. Which detail should make you think twice before clicking?,"If an email address looks like “support@amazo0n.com,” what should you do?",You’re asked to reset your password through an email link. What is the safest step?,Why is it risky to use the same password for email and banking?,"You receive a pop-up asking for your login like this.What should you do?",Why do Fake emails often include urgent messages like “Act Now!”?,What’s a “spear phishing” attack?,Why do attackers sometimes use HTTPS in phishing sites?,What should be your first response if you clicked a phishing link?
1,2025/08/22 11:15:57 AM GMT+5:30,22,Female,Degree,University /Diploma level,Click the link to check,Grammatical mistakes and an urgent tone,Reply to confirm if it’s real,Click and reset it,It can be confusing,Close the window and restart,To scare you into clicking,A generic email to many people,To trick users into feeling safe,"Run antivirus, change your passwords, report it"
2,2025/08/22 11:17:32 AM GMT+5:30,22,Female,Degree,University /Diploma level,Click the link to check,It comes from your manager,Assume it’s a mistake,Go directly to the official website to reset,Because email is not important,Enter details quickly,To scare you into clicking,A generic email to many people,To trick users into feeling safe,Close the tab and continue working
3,2025/08/22 11:18:24 AM GMT+5:30,22,Male,Degree,University /Diploma level,Click the link to check,It comes from your manager,Assume it’s a mistake,Go directly to the official website to reset,"If one is breached, both are compromised",Close the window and restart,To scare you into clicking,A generic email to many people,Because it’s required by law,"Run antivirus, change your passwords, report it"
4,2025/08/22 11:19:06 AM GMT+5:30,22,Male,Degree,University /Diploma level,Click the link to check,It comes from your manager,Delete and mark as spam,Ignore it,"If one is breached, both are compromised",Close the window and restart,To scare you into clicking,A generic email to many people,To trick users into feeling safe,Close the tab and continue working
5,2025/08/22 11:19:50 AM GMT+5:30,22,Male,Degree,University /Diploma level,Ignore and delete it,It comes from your manager,Delete and mark as spam,Ignore it,Because email is not important,Check the URL and site certificate,To scare you into clicking,A highly targeted email crafted for a specific person,To trick users into feeling safe,Ignore it
6,2025/08/22 11:20:31 AM GMT+5:30,22,Male,Degree,University /Diploma level,Click the link to check,It comes from your manager,Assume it’s a mistake,Go directly to the official website to reset,It can be confusing,Close the window and restart,To scare you into clicking,A generic email to many people,Because it’s required by law,"Run antivirus, change your passwords, report it"
7,2025/08/22 11:45:23 AM GMT+5:30,22,Female,Diploma,School Level,Ignore and delete it,The subject line includes your name,Recognize it’s spoofed and report it,Ignore it,"If one is breached, both are compromised",Check the URL and site certificate,To scare you into clicking,An attack using harmful hardware,To block ads,Ignore it
8,2025/08/25 8:44:58 AM GMT+5:30,25,Male,Degree,University /Diploma level,Ignore and delete it,Grammatical mistakes and an urgent tone,Reply to confirm if it’s real,Click and reset it,It can be confusing,Close the window and restart,To help users stay alert,An attack using harmful hardware,To improve speed,"Run antivirus, change your passwords, report it"
9,2025/08/25 8:45:35 AM GMT+5:30,25,Male,Degree,University /Diploma level,Click the link to check,Grammatical mistakes and an urgent tone,Reply to confirm if it’s real,Click and reset it,It can be confusing,Close the window and restart,To scare you into clicking,An attack using harmful hardware,To improve speed,Close the tab and continue working
10,2025/08/25 8:46:11 AM GMT+5:30,25,Male,Degree,University /Diploma level,Ignore and delete it,No signature at the end,Delete and mark as spam,Ignore it,"If one is breached, both are compromised",Click “Yes” and update later,Because it’s a system error,An attack using harmful hardware,To trick users into feeling safe,"Run antivirus, change your passwords, report it"
11,2025/08/25 8:46:40 AM GMT+5:30,25,Male,Degree,University /Diploma level,Click the link to check,The subject line includes your name,Reply to confirm if it’s real,Ignore it,It can be confusing,Close the window and restart,To scare you into clicking,A generic email to many people,To trick users into feeling safe,Ignore it
12,2025/08/25 8:47:08 AM GMT+5:30,25,Male,Degree,University /Diploma level,Ignore and delete it,The subject line includes your name,Reply to confirm if it’s real,Ignore it,They work on different platforms,Click “Yes” and update later,To scare you into clicking,A generic email to many people,Because it’s required by law,Ignore it
13,2025/08/25 8:47:36 AM GMT+5:30,25,Female,Degree,University /Diploma level,Click the link to check,The subject line includes your name,Assume it’s a mistake,Go directly to the official website to reset,It can be confusing,Check the URL and site certificate,To speed up support,A highly targeted email crafted for a specific person,Because it’s required by law,"Run antivirus, change your passwords, report it"
14,2025/08/25 8:48:06 AM GMT+5:30,25,Female,Degree,University /Diploma level,Ignore and delete it,The subject line includes your name,Delete and mark as spam,Go directly to the official website to reset,Because email is not important,Close the window and restart,To help users stay alert,A highly targeted email crafted for a specific person,To trick users into feeling safe,Ignore it
15,2025/08/25 8:50:12 AM GMT+5:30,25,Female,Degree,University /Diploma level,Reply and confirm,Grammatical mistakes and an urgent tone,Assume it’s a mistake,Ignore it,Because email is not important,Check the URL and site certificate,To speed up support,A highly targeted email crafted for a specific person,To trick users into feeling safe,"Run antivirus, change your passwords, report it"
16,2025/08/25 8:50:39 AM GMT+5:30,25,Female,Degree,University /Diploma level,Ignore and delete it,It comes from your manager,Reply to confirm if it’s real,Ignore it,It can be confusing,Close the window and restart,To speed up support,A highly targeted email crafted for a specific person,To trick users into feeling safe,Ignore it
17,2025/08/25 8:51:13 AM GMT+5:30,26,Male,Degree,University /Diploma level,Click the link to check,It comes from your manager,Delete and mark as spam,Go directly to the official website to reset,"If one is breached, both are compromised",Check the URL and site certificate,To speed up support,A generic email to many people,To trick users into feeling safe,"Run antivirus, change your passwords, report it"
18,2025/08/25 8:51:42 AM GMT+5:30,24,Male,Degree,University /Diploma level,Click the link to check,It comes from your manager,Assume it’s a mistake,Go directly to the official website to reset,It can be confusing,Check the URL and site certificate,To speed up support,A highly targeted email crafted for a specific person,Because it’s required by law,Ignore it
19,2025/08/25 8:52:06 AM GMT+5:30,26,Male,Degree,University /Diploma level,Ignore and delete it,It comes from your manager,Delete and mark as spam,Go directly to the official website to reset,It can be confusing,Check the URL and site certificate,To speed up support,A generic email to many people,To trick users into feeling safe,Close the tab and continue working
20,2025/08/25 8:52:34 AM GMT+5:30,24,Female,Degree,University /Diploma level,Click the link to check,The subject line includes your name,Assume it’s a mistake,Ignore it,Because email is not important,Click “Yes” and update later,To speed up support,A generic email to many people,To trick users into feeling safe,"Run antivirus, change your passwords, report it"
21,2025/08/25 5:22:40 PM GMT+5:30,25,Female,Diploma,University /Diploma level,Click the link to check,Grammatical mistakes and an urgent tone,Delete and mark as spam,Go directly to the official website to reset,"If one is breached, both are compromised",Close the window and restart,To speed up support,A generic email to many people,To trick users into feeling safe,Ignore it
22,2025/08/25 5:23:10 PM GMT+5:30,25,Male,Diploma,University /Diploma level,Click the link to check,Grammatical mistakes and an urgent tone,Recognize it’s spoofed and report it,Go directly to the official website to reset,They work on different platforms,Check the URL and site certificate,To speed up support,A generic email to many people,To trick users into feeling safe,"Run antivirus, change your passwords, report it"
23,2025/08/25 5:23:34 PM GMT+5:30,25,Female,Diploma,University /Diploma level,Report it as phishing,Grammatical mistakes and an urgent tone,Assume it’s a mistake,Ignore it,It can be confusing,Check the URL and site certificate,To speed up support,A generic email to many people,To trick users into feeling safe,"Run antivirus, change your passwords, report it"
24,2025/08/25 5:24:03 PM GMT+5:30,21,Prefer not to say,School A/L,University /Diploma level,Reply and confirm,The subject line includes your name,Delete and mark as spam,Go directly to the official website to reset,Because email is not important,Close the window and restart,Because it’s a system error,A highly targeted email crafted for a specific person,Because it’s required by law,Ignore it
25,2025/08/25 5:24:25 PM GMT+5:30,23,Female,Diploma,University /Diploma level,Click the link to check,Grammatical mistakes and an urgent tone,Recognize it’s spoofed and report it,Go directly to the official website to reset,Because email is not important,Click “Yes” and update later,To scare you into clicking,A highly targeted email crafted for a specific person,To trick users into feeling safe,Close the tab and continue working
26,2025/08/25 5:24:53 PM GMT+5:30,22,Female,School A/L,University /Diploma level,Ignore and delete it,Grammatical mistakes and an urgent tone,Reply to confirm if it’s real,Go directly to the official website to reset,Because email is not important,Close the window and restart,To scare you into clicking,A highly targeted email crafted for a specific person,To block ads,"Run antivirus, change your passwords, report it"
27,2025/08/25 5:25:25 PM GMT+5:30,22,Female,Diploma,University /Diploma level,Reply and confirm,Grammatical mistakes and an urgent tone,Assume it’s a mistake,Ignore it,Because email is not important,Close the window and restart,To scare you into clicking,A generic email to many people,To trick users into feeling safe,Close the tab and continue working
28,2025/08/25 5:26:00 PM GMT+5:30,23,Female,Diploma,University /Diploma level,Click the link to check,No signature at the end,Assume it’s a mistake,Ignore it,Because email is not important,Close the window and restart,To scare you into clicking,A generic email to many people,To trick users into feeling safe,Close the tab and continue working
29,2025/08/25 5:26:34 PM GMT+5:30,22,Male,HND,University /Diploma level,Reply and confirm,Grammatical mistakes and an urgent tone,Reply to confirm if it’s real,Click and reset it,Because email is not important,Close the window and restart,To scare you into clicking,A generic email to many people,To trick users into feeling safe,Ignore it
30,2025/08/25 5:27:03 PM GMT+5:30,26,Prefer not to say,Degree,University /Diploma level,Ignore and delete it,It comes from your manager,Delete and mark as spam,Ignore it,"If one is breached, both are compromised",Enter details quickly,To scare you into clicking,An attack using harmful hardware,Because it’s required by law,Ignore it
31,2025/08/27 1:22:34 PM GMT+5:30,23,Male,Diploma,University /Diploma level,Reply and confirm,It comes from your manager,Delete and mark as spam,Go directly to the official website to reset,"If one is breached, both are compromised",Check the URL and site certificate,To scare you into clicking,A highly targeted email crafted for a specific person,To trick users into feeling safe,"Run antivirus, change your passwords, report it"
32,2025/08/27 1:22:56 PM GMT+5:30,20,Female,School A/L,University /Diploma level,Click the link to check,The subject line includes your name,Recognize it’s spoofed and report it,Go directly to the official website to reset,It can be confusing,Close the window and restart,To speed up support,A highly targeted email crafted for a specific person,To trick users into feeling safe,Close the tab and continue working
33,2025/08/27 1:23:18 PM GMT+5:30,24,Male,HND,University /Diploma level,Ignore and delete it,The subject line includes your name,Assume it’s a mistake,Go directly to the official website to reset,"If one is breached, both are compromised",Close the window and restart,To scare you into clicking,A generic email to many people,Because it’s required by law,"Run antivirus, change your passwords, report it"
34,2025/08/27 1:23:43 PM GMT+5:30,24,Female,Diploma,University /Diploma level,Click the link to check,It comes from your manager,Assume it’s a mistake,Ignore it,It can be confusing,Close the window and restart,To scare you into clicking,A generic email to many people,To trick users into feeling safe,"Run antivirus, change your passwords, report it"
35,2025/08/27 1:24:06 PM GMT+5:30,23,Male,HND,University /Diploma level,Click the link to check,It comes from your manager,Delete and mark as spam,Go directly to the official website to reset,"If one is breached, both are compromised",Close the window and restart,To speed up support,A generic email to many people,Because it’s required by law,"Run antivirus, change your passwords, report it"
36,2025/08/27 1:24:28 PM GMT+5:30,21,Female,School A/L,Not,Ignore and delete it,It comes from your manager,Assume it’s a mistake,Ignore it,"If one is breached, both are compromised",Check the URL and site certificate,To speed up support,A generic email to many people,Because it’s required by law,"Run antivirus, change your passwords, report it"
37,2025/08/27 1:24:47 PM GMT+5:30,24,Female,HND,University /Diploma level,Click the link to check,It comes from your manager,Delete and mark as spam,Go directly to the official website to reset,"If one is breached, both are compromised",Check the URL and site certificate,To scare you into clicking,A highly targeted email crafted for a specific person,Because it’s required by law,Ignore it
38,2025/08/27 1:25:09 PM GMT+5:30,24,Male,Diploma,University /Diploma level,Ignore and delete it,The subject line includes your name,Delete and mark as spam,Go directly to the official website to reset,"If one is breached, both are compromised",Check the URL and site certificate,To scare you into clicking,A highly targeted email crafted for a specific person,Because it’s required by law,"Run antivirus, change your passwords, report it"
39,2025/08/27 1:25:28 PM GMT+5:30,24,Female,School A/L,School Level,Click the link to check,It comes from your manager,Assume it’s a mistake,Forward it to someone else,"If one is breached, both are compromised",Check the URL and site certificate,To speed up support,A highly targeted email crafted for a specific person,To trick users into feeling safe,"Run antivirus, change your passwords, report it"
40,2025/08/27 1:25:50 PM GMT+5:30,21,Male,School A/L,Not,Ignore and delete it,The subject line includes your name,Reply to confirm if it’s real,Ignore it,"If one is breached, both are compromised",Click “Yes” and update later,To speed up support,A highly targeted email crafted for a specific person,Because it’s required by law,Ignore it
41,2025/08/27 1:35:39 PM GMT+5:30,23,Female,School A/L,University /Diploma level,Click the link to check,The subject line includes your name,Delete and mark as spam,Go directly to the official website to reset,"If one is breached, both are compromised",Check the URL and site certificate,To scare you into clicking,A highly targeted email crafted for a specific person,To trick users into feeling safe,"Run antivirus, change your passwords, report it"
42,2025/08/27 1:36:06 PM GMT+5:30,22,Male,School A/L,University /Diploma level,Click the link to check,It comes from your manager,Delete and mark as spam,Go directly to the official website to reset,"If one is breached, both are compromised",Click “Yes” and update later,To speed up support,A highly targeted email crafted for a specific person,Because it’s required by law,"Run antivirus, change your passwords, report it"
43,2025/08/27 1:36:49 PM GMT+5:30,25,Male,School A/L,School Level,Ignore and delete it,It comes from your manager,Reply to confirm if it’s real,Ignore it,It can be confusing,Click “Yes” and update later,To speed up support,A highly targeted email crafted for a specific person,To trick users into feeling safe,"Run antivirus, change your passwords, report it"
44,2025/08/27 1:37:06 PM GMT+5:30,24,Female,Diploma,School Level,Ignore and delete it,It comes from your manager,Delete and mark as spam,Go directly to the official website to reset,It can be confusing,Close the window and restart,To scare you into clicking,A highly targeted email crafted for a specific person,Because it’s required by law,"Run antivirus, change your passwords, report it"
45,2025/08/27 1:37:29 PM GMT+5:30,23,Female,School A/L,University /Diploma level,Ignore and delete it,It comes from your manager,Assume it’s a mistake,Go directly to the official website to reset,"If one is breached, both are compromised",Check the URL and site certificate,To speed up support,A highly targeted email crafted for a specific person,Because it’s required by law,"Run antivirus, change your passwords, report it"
46,2025/08/27 1:37:52 PM GMT+5:30,25,Female,Diploma,University /Diploma level,Ignore and delete it,Grammatical mistakes and an urgent tone,Recognize it’s spoofed and report it,Go directly to the official website to reset,"If one is breached, both are compromised",Check the URL and site certificate,To scare you into clicking,A highly targeted email crafted for a specific person,Because it’s required by law,"Run antivirus, change your passwords, report it"
47,2025/08/27 1:38:15 PM GMT+5:30,25,Female,School A/L,University /Diploma level,Click the link to check,The subject line includes your name,Recognize it’s spoofed and report it,Go directly to the official website to reset,"If one is breached, both are compromised",Check the URL and site certificate,To speed up support,A highly targeted email crafted for a specific person,Because it’s required by law,"Run antivirus, change your passwords, report it"
48,2025/08/27 1:38:41 PM GMT+5:30,23,Female,School A/L,School Level,Ignore and delete it,The subject line includes your name,Delete and mark as spam,Ignore it,Because email is not important,Check the URL and site certificate,To scare you into clicking,A generic email to many people,To trick users into feeling safe,"Run antivirus, change your passwords, report it"
49,2025/08/27 1:39:02 PM GMT+5:30,23,Prefer not to say,Diploma,University /Diploma level,Report it as phishing,The subject line includes your name,Assume it’s a mistake,Forward it to someone else,"If one is breached, both are compromised",Check the URL and site certificate,Because it’s a system error,A highly targeted email crafted for a specific person,Because it’s required by law,"Run antivirus, change your passwords, report it"
50,2025/08/27 1:39:29 PM GMT+5:30,26,Male,Degree,University /Diploma level,Click the link to check,It comes from your manager,Assume it’s a mistake,Click and reset it,It can be confusing,Close the window and restart,To scare you into clicking,A highly targeted email crafted for a specific person,To trick users into feeling safe,Close the tab and continue working
51,2025/08/27 2:45:54 PM GMT+5:30,21,Female,School A/L,School Level,Report it as phishing,No signature at the end,Delete and mark as spam,Go directly to the official website to reset,"If one is breached, both are compromised",Check the URL and site certificate,To help users stay alert,An attack using harmful hardware,To trick users into feeling safe,"Run antivirus, change your passwords, report it"
52,2025/08/27 4:36:52 PM GMT+5:30,28,Male,Degree,School Level,Click the link to check,Grammatical mistakes and an urgent tone,Delete and mark as spam,Ignore it,"If one is breached, both are compromised",Close the window and restart,To scare you into clicking,An attack using harmful hardware,To trick users into feeling safe,Ignore it
53,2025/08/28 11:04:52 AM GMT+5:30,24,Female,HND,University /Diploma level,Click the link to check,Grammatical mistakes and an urgent tone,Delete and mark as spam,Click and reset it,Because email is not important,Check the URL and site certificate,To scare you into clicking,A generic email to many people,To trick users into feeling safe,Close the tab and continue working
54,2025/08/28 11:05:14 AM GMT+5:30,24,Female,School A/L,University /Diploma level,Ignore and delete it,The subject line includes your name,Recognize it’s spoofed and report it,Go directly to the official website to reset,They work on different platforms,Check the URL and site certificate,Because it’s a system error,A highly targeted email crafted for a specific person,To block ads,"Run antivirus, change your passwords, report it"
55,2025/08/28 11:05:40 AM GMT+5:30,25,Male,HND,University /Diploma level,Click the link to check,Grammatical mistakes and an urgent tone,Recognize it’s spoofed and report it,Go directly to the official website to reset,They work on different platforms,Check the URL and site certificate,Because it’s a system error,A highly targeted email crafted for a specific person,Because it’s required by law,"Run antivirus, change your passwords, report it"
56,2025/08/28 11:06:08 AM GMT+5:30,24,Male,HND,University /Diploma level,Click the link to check,Grammatical mistakes and an urgent tone,Recognize it’s spoofed and report it,Go directly to the official website to reset,It can be confusing,Check the URL and site certificate,To speed up support,A highly targeted email crafted for a specific person,To trick users into feeling safe,"Run antivirus, change your passwords, report it"
57,2025/08/28 11:06:30 AM GMT+5:30,25,Male,HND,University /Diploma level,Ignore and delete it,Grammatical mistakes and an urgent tone,Recognize it’s spoofed and report it,Go directly to the official website to reset,"If one is breached, both are compromised",Check the URL and site certificate,To speed up support,A highly targeted email crafted for a specific person,Because it’s required by law,"Run antivirus, change your passwords, report it"
58,2025/08/28 11:06:54 AM GMT+5:30,25,Female,HND,University /Diploma level,Report it as phishing,No signature at the end,Recognize it’s spoofed and report it,Forward it to someone else,"If one is breached, both are compromised",Check the URL and site certificate,To speed up support,A highly targeted email crafted for a specific person,To block ads,"Run antivirus, change your passwords, report it"
59,2025/08/28 11:07:17 AM GMT+5:30,23,Female,School A/L,University /Diploma level,Ignore and delete it,Grammatical mistakes and an urgent tone,Recognize it’s spoofed and report it,Go directly to the official website to reset,It can be confusing,Check the URL and site certificate,Because it’s a system error,A highly targeted email crafted for a specific person,Because it’s required by law,Close the tab and continue working
60,2025/08/28 11:07:43 AM GMT+5:30,23,Female,HND,University /Diploma level,Ignore and delete it,The subject line includes your name,Delete and mark as spam,Click and reset it,Because email is not important,Enter details quickly,To scare you into clicking,A generic email to many people,To trick users into feeling safe,Close the tab and continue working
61,2025/08/28 11:08:10 AM GMT+5:30,24,Female,Diploma,University /Diploma level,Ignore and delete it,The subject line includes your name,Delete and mark as spam,Ignore it,It can be confusing,Check the URL and site certificate,To speed up support,A generic email to many people,Because it’s required by law,"Run antivirus, change your passwords, report it"
62,2025/08/28 11:08:33 AM GMT+5:30,23,Female,HND,University /Diploma level,Ignore and delete it,The subject line includes your name,Delete and mark as spam,Go directly to the official website to reset,"If one is breached, both are compromised",Check the URL and site certificate,To scare you into clicking,A highly targeted email crafted for a specific person,To trick users into feeling safe,"Run antivirus, change your passwords, report it"
63,2025/08/28 11:08:55 AM GMT+5:30,23,Male,HND,University /Diploma level,Click the link to check,Grammatical mistakes and an urgent tone,Recognize it’s spoofed and report it,Go directly to the official website to reset,It can be confusing,Enter details quickly,Because it’s a system error,A highly targeted email crafted for a specific person,To block ads,Restart the device
64,2025/08/28 11:09:20 AM GMT+5:30,24,Female,Diploma,Not,Click the link to check,It comes from your manager,Delete and mark as spam,Ignore it,"If one is breached, both are compromised",Enter details quickly,To scare you into clicking,A highly targeted email crafted for a specific person,To block ads,Ignore it
65,2025/08/28 11:09:41 AM GMT+5:30,25,Female,Diploma,University /Diploma level,Ignore and delete it,The subject line includes your name,Delete and mark as spam,Ignore it,"If one is breached, both are compromised",Check the URL and site certificate,To speed up support,A highly targeted email crafted for a specific person,Because it’s required by law,Ignore it
66,2025/08/28 11:10:04 AM GMT+5:30,24,Male,Diploma,University /Diploma level,Ignore and delete it,The subject line includes your name,Delete and mark as spam,Go directly to the official website to reset,It can be confusing,Check the URL and site certificate,To scare you into clicking,A highly targeted email crafted for a specific person,Because it’s required by law,Ignore it
67,2025/08/28 11:10:23 AM GMT+5:30,27,Female,Degree,University /Diploma level,Click the link to check,It comes from your manager,Assume it’s a mistake,Go directly to the official website to reset,It can be confusing,Check the URL and site certificate,To speed up support,A virus in a PDF,To trick users into feeling safe,Close the tab and continue working
68,2025/08/28 11:10:46 AM GMT+5:30,27,Female,Degree,University /Diploma level,Click the link to check,Grammatical mistakes and an urgent tone,Delete and mark as spam,Go directly to the official website to reset,It can be confusing,Check the URL and site certificate,To scare you into clicking,A highly targeted email crafted for a specific person,Because it’s required by law,"Run antivirus, change your passwords, report it"
69,2025/08/28 11:11:09 AM GMT+5:30,24,Female,Degree,University /Diploma level,Report it as phishing,The subject line includes your name,Delete and mark as spam,Go directly to the official website to reset,"If one is breached, both are compromised",Close the window and restart,To help users stay alert,A highly targeted email crafted for a specific person,Because it’s required by law,"Run antivirus, change your passwords, report it"
70,2025/08/28 11:13:47 AM GMT+5:30,23,Male,Degree,University /Diploma level,Report it as phishing,The subject line includes your name,Delete and mark as spam,Go directly to the official website to reset,They work on different platforms,Check the URL and site certificate,To speed up support,A highly targeted email crafted for a specific person,Because it’s required by law,"Run antivirus, change your passwords, report it"
71,2025/08/28 11:15:43 AM GMT+5:30,23,Female,HND,University /Diploma level,Click the link to check,Grammatical mistakes and an urgent tone,Assume it’s a mistake,Ignore it,It can be confusing,Check the URL and site certificate,To scare you into clicking,A highly targeted email crafted for a specific person,To trick users into feeling safe,Ignore it
72,2025/08/28 11:16:06 AM GMT+5:30,21,Female,HND,University /Diploma level,Ignore and delete it,The subject line includes your name,Assume it’s a mistake,Go directly to the official website to reset,"If one is breached, both are compromised",Check the URL and site certificate,Because it’s a system error,A generic email to many people,Because it’s required by law,"Run antivirus, change your passwords, report it"
73,2025/08/28 11:16:32 AM GMT+5:30,22,Female,HND,University /Diploma level,Ignore and delete it,The subject line includes your name,Reply to confirm if it’s real,Go directly to the official website to reset,They work on different platforms,Check the URL and site certificate,To scare you into clicking,An attack using harmful hardware,To trick users into feeling safe,"Run antivirus, change your passwords, report it"
74,2025/08/28 11:17:01 AM GMT+5:30,24,Female,Degree,University /Diploma level,Ignore and delete it,The subject line includes your name,Delete and mark as spam,Go directly to the official website to reset,"If one is breached, both are compromised",Check the URL and site certificate,To scare you into clicking,A highly targeted email crafted for a specific person,Because it’s required by law,"Run antivirus, change your passwords, report it"
75,2025/08/28 11:18:25 AM GMT+5:30,25,Male,HND,School Level,Ignore and delete it,No signature at the end,Delete and mark as spam,Ignore it,"If one is breached, both are compromised",Click “Yes” and update later,To speed up support,A highly targeted email crafted for a specific person,Because it’s required by law,"Run antivirus, change your passwords, report it"
76,2025/08/28 11:19:14 AM GMT+5:30,23,Male,Degree,University /Diploma level,Ignore and delete it,It comes from your manager,Delete and mark as spam,Go directly to the official website to reset,It can be confusing,Check the URL and site certificate,To scare you into clicking,A highly targeted email crafted for a specific person,To trick users into feeling safe,"Run antivirus, change your passwords, report it"
77,2025/08/28 11:19:40 AM GMT+5:30,23,Male,Degree,University /Diploma level,Ignore and delete it,It comes from your manager,Delete and mark as spam,Ignore it,"If one is breached, both are compromised",Check the URL and site certificate,To speed up support,A highly targeted email crafted for a specific person,Because it’s required by law,Ignore it
78,2025/08/28 11:20:08 AM GMT+5:30,22,Male,Degree,University /Diploma level,Ignore and delete it,The subject line includes your name,Delete and mark as spam,Go directly to the official website to reset,"If one is breached, both are compromised",Check the URL and site certificate,To speed up support,A virus in a PDF,Because it’s required by law,"Run antivirus, change your passwords, report it"
79,2025/08/28 11:20:31 AM GMT+5:30,23,Male,Degree,University /Diploma level,Report it as phishing,The subject line includes your name,Delete and mark as spam,Click and reset it,"If one is breached, both are compromised",Check the URL and site certificate,To speed up support,A highly targeted email crafted for a specific person,To block ads,Ignore it
80,2025/08/28 11:20:56 AM GMT+5:30,23,Male,Diploma,Not,Ignore and delete it,The subject line includes your name,Delete and mark as spam,Go directly to the official website to reset,"If one is breached, both are compromised",Check the URL and site certificate,Because it’s a system error,A highly targeted email crafted for a specific person,Because it’s required by law,"Run antivirus, change your passwords, report it"
81,2025/08/28 11:21:20 AM GMT+5:30,18,Male,Degree,University /Diploma level,Click the link to check,The subject line includes your name,Delete and mark as spam,Go directly to the official website to reset,It can be confusing,Close the window and restart,To scare you into clicking,A highly targeted email crafted for a specific person,Because it’s required by law,"Run antivirus, change your passwords, report it"
82,2025/08/28 11:21:39 AM GMT+5:30,23,Male,Diploma,University /Diploma level,Ignore and delete it,The subject line includes your name,Delete and mark as spam,Go directly to the official website to reset,"If one is breached, both are compromised",Click “Yes” and update later,Because it’s a system error,A highly targeted email crafted for a specific person,Because it’s required by law,"Run antivirus, change your passwords, report it"
83,2025/08/28 11:21:59 AM GMT+5:30,23,Female,Diploma,University /Diploma level,Ignore and delete it,The subject line includes your name,Assume it’s a mistake,Go directly to the official website to reset,"If one is breached, both are compromised",Click “Yes” and update later,To speed up support,A highly targeted email crafted for a specific person,To block ads,"Run antivirus, change your passwords, report it"
84,2025/08/28 11:22:17 AM GMT+5:30,23,Male,School A/L,University /Diploma level,Report it as phishing,The subject line includes your name,Delete and mark as spam,Go directly to the official website to reset,"If one is breached, both are compromised",Check the URL and site certificate,To scare you into clicking,A highly targeted email crafted for a specific person,Because it’s required by law,Ignore it
85,2025/08/28 11:22:45 AM GMT+5:30,23,Male,Degree,University /Diploma level,Reply and confirm,It comes from your manager,Assume it’s a mistake,Go directly to the official website to reset,It can be confusing,Check the URL and site certificate,To speed up support,A generic email to many people,Because it’s required by law,"Run antivirus, change your passwords, report it"
86,2025/08/28 11:23:43 AM GMT+5:30,25,Male,Diploma,University /Diploma level,Ignore and delete it,The subject line includes your name,Assume it’s a mistake,Go directly to the official website to reset,It can be confusing,Check the URL and site certificate,To scare you into clicking,A generic email to many people,To trick users into feeling safe,Ignore it
87,2025/08/28 11:24:05 AM GMT+5:30,24,Male,School A/L,University /Diploma level,Ignore and delete it,The subject line includes your name,Delete and mark as spam,Go directly to the official website to reset,"If one is breached, both are compromised",Click “Yes” and update later,To speed up support,A generic email to many people,To improve speed,Ignore it
88,2025/08/28 11:24:32 AM GMT+5:30,19,Male,School O/L,Not,Click the link to check,The subject line includes your name,Reply to confirm if it’s real,Go directly to the official website to reset,"If one is breached, both are compromised",Close the window and restart,To speed up support,A highly targeted email crafted for a specific person,To trick users into feeling safe,Close the tab and continue working
89,2025/08/28 11:25:01 AM GMT+5:30,24,Male,HND,University /Diploma level,Ignore and delete it,No signature at the end,Assume it’s a mistake,Go directly to the official website to reset,"If one is breached, both are compromised",Close the window and restart,To speed up support,A highly targeted email crafted for a specific person,To trick users into feeling safe,Ignore it
90,2025/08/28 11:31:09 AM GMT+5:30,20,Male,School A/L,School Level,Click the link to check,It comes from your manager,Delete and mark as spam,Go directly to the official website to reset,It can be confusing,Check the URL and site certificate,To speed up support,A generic email to many people,To trick users into feeling safe,Ignore it
91,2025/08/28 11:31:32 AM GMT+5:30,20,Male,School A/L,School Level,Ignore and delete it,It comes from your manager,Assume it’s a mistake,Go directly to the official website to reset,"If one is breached, both are compromised",Close the window and restart,To speed up support,A highly targeted email crafted for a specific person,To trick users into feeling safe,Ignore it
92,2025/08/28 11:31:57 AM GMT+5:30,20,Male,School A/L,School Level,Ignore and delete it,The subject line includes your name,Delete and mark as spam,Ignore it,It can be confusing,Close the window and restart,To scare you into clicking,A highly targeted email crafted for a specific person,To trick users into feeling safe,"Run antivirus, change your passwords, report it"
93,2025/08/28 11:32:18 AM GMT+5:30,24,Male,School A/L,School Level,Report it as phishing,The subject line includes your name,Delete and mark as spam,Go directly to the official website to reset,"If one is breached, both are compromised",Check the URL and site certificate,To scare you into clicking,A generic email to many people,Because it’s required by law,"Run antivirus, change your passwords, report it"
94,2025/08/28 11:32:45 AM GMT+5:30,20,Male,School A/L,School Level,Ignore and delete it,It comes from your manager,Delete and mark as spam,Go directly to the official website to reset,It can be confusing,Check the URL and site certificate,To scare you into clicking,A highly targeted email crafted for a specific person,To trick users into feeling safe,"Run antivirus, change your passwords, report it"
95,2025/08/28 11:33:07 AM GMT+5:30,20,Male,Degree,University /Diploma level,Report it as phishing,The subject line includes your name,Delete and mark as spam,Go directly to the official website to reset,It can be confusing,Check the URL and site certificate,To speed up support,A highly targeted email crafted for a specific person,Because it’s required by law,"Run antivirus, change your passwords, report it"
96,2025/08/28 11:33:31 AM GMT+5:30,22,Female,Diploma,School Level,Ignore and delete it,It comes from your manager,Delete and mark as spam,Ignore it,It can be confusing,Check the URL and site certificate,To scare you into clicking,A generic email to many people,Because it’s required by law,"Run antivirus, change your passwords, report it"
97,2025/08/28 11:33:59 AM GMT+5:30,21,Male,School A/L,School Level,Ignore and delete it,It comes from your manager,Delete and mark as spam,Ignore it,"If one is breached, both are compromised",Check the URL and site certificate,To help users stay alert,A highly targeted email crafted for a specific person,Because it’s required by law,"Run antivirus, change your passwords, report it"
98,2025/08/28 11:34:31 AM GMT+5:30,22,Female,Diploma,School Level,Reply and confirm,Grammatical mistakes and an urgent tone,Delete and mark as spam,Go directly to the official website to reset,It can be confusing,Check the URL and site certificate,To speed up support,A highly targeted email crafted for a specific person,Because it’s required by law,Close the tab and continue working
99,2025/08/28 11:35:00 AM GMT+5:30,22,Female,Diploma,School Level,Click the link to check,It comes from your manager,Assume it’s a mistake,Go directly to the official website to reset,It can be confusing,Close the window and restart,To scare you into clicking,A highly targeted email crafted for a specific person,To trick users into feeling safe,Close the tab and continue working
100,2025/08/28 11:35:26 AM GMT+5:30,22,Female,HND,University /Diploma level,Ignore and delete it,The subject line includes your name,Delete and mark as spam,Go directly to the official website to reset,They work on different platforms,Check the URL and site certificate,Because it’s a system error,A generic email to many people,To trick users into feeling safe,"Run antivirus, change your passwords, report it"
101,2025/08/29 2:50:00 PM GMT+5:30,23,Female,Diploma,University /Diploma level,Report it as phishing,No signature at the end,Delete and mark as spam,Click and reset it,Because email is not important,Close the window and restart,To scare you into clicking,A generic email to many people,Because it’s required by law,Restart the device
102,2025/08/29 8:52:21 PM GMT+5:30,21,Female,School A/L,School Level,Click the link to check,No signature at the end,Delete and mark as spam,Go directly to the official website to reset,"If one is breached, both are compromised",Check the URL and site certificate,To scare you into clicking,An attack using harmful hardware,To improve speed,Close the tab and continue working
103,2025/09/01 2:26:13 PM GMT+5:30,26,Male,Degree,University /Diploma level,Click the link to check,Grammatical mistakes and an urgent tone,Recognize it’s spoofed and report it,Go directly to the official website to reset,"If one is breached, both are compromised",Close the window and restart,To scare you into clicking,A highly targeted email crafted for a specific person,To trick users into feeling safe,"Run antivirus, change your passwords, report it"
104,2025/09/01 2:26:33 PM GMT+5:30,25,Female,HND,University /Diploma level,Ignore and delete it,It comes from your manager,Delete and mark as spam,Go directly to the official website to reset,"If one is breached, both are compromised",Check the URL and site certificate,To scare you into clicking,An attack using harmful hardware,To trick users into feeling safe,"Run antivirus, change your passwords, report it"
105,2025/09/02 11:59:15 AM GMT+5:30,25,Female,Diploma,University /Diploma level,Ignore and delete it,The subject line includes your name,Delete and mark as spam,Ignore it,"If one is breached, both are compromised",Check the URL and site certificate,To speed up support,A highly targeted email crafted for a specific person,To trick users into feeling safe,Ignore it
106,2025/09/02 11:59:43 AM GMT+5:30,25,Male,Degree,University /Diploma level,Ignore and delete it,It comes from your manager,Delete and mark as spam,Go directly to the official website to reset,"If one is breached, both are compromised",Click “Yes” and update later,To speed up support,A highly targeted email crafted for a specific person,Because it’s required by law,Close the tab and continue working
107,2025/09/02 12:00:06 PM GMT+5:30,25,Male,Degree,University /Diploma level,Click the link to check,Grammatical mistakes and an urgent tone,Recognize it’s spoofed and report it,Go directly to the official website to reset,"If one is breached, both are compromised",Check the URL and site certificate,To scare you into clicking,A highly targeted email crafted for a specific person,Because it’s required by law,"Run antivirus, change your passwords, report it"
108,2025/09/02 12:00:26 PM GMT+5:30,25,Male,Degree,University /Diploma level,Ignore and delete it,The subject line includes your name,Recognize it’s spoofed and report it,Go directly to the official website to reset,They work on different platforms,Check the URL and site certificate,To speed up support,A highly targeted email crafted for a specific person,Because it’s required by law,"Run antivirus, change your passwords, report it"
109,2025/09/02 12:00:53 PM GMT+5:30,25,Male,Degree,University /Diploma level,Click the link to check,Grammatical mistakes and an urgent tone,Recognize it’s spoofed and report it,Go directly to the official website to reset,They work on different platforms,Check the URL and site certificate,To scare you into clicking,A highly targeted email crafted for a specific person,To trick users into feeling safe,"Run antivirus, change your passwords, report it"
110,2025/09/02 12:01:20 PM GMT+5:30,25,Male,Degree,University /Diploma level,Ignore and delete it,Grammatical mistakes and an urgent tone,Recognize it’s spoofed and report it,Go directly to the official website to reset,Because email is not important,Check the URL and site certificate,To scare you into clicking,A highly targeted email crafted for a specific person,Because it’s required by law,"Run antivirus, change your passwords, report it"
111,2025/09/02 12:01:42 PM GMT+5:30,25,Male,Degree,University /Diploma level,Ignore and delete it,Grammatical mistakes and an urgent tone,Delete and mark as spam,Go directly to the official website to reset,"If one is breached, both are compromised",Check the URL and site certificate,To speed up support,A highly targeted email crafted for a specific person,To trick users into feeling safe,"Run antivirus, change your passwords, report it"
112,2025/09/02 12:02:05 PM GMT+5:30,25,Male,Degree,University /Diploma level,Ignore and delete it,The subject line includes your name,Recognize it’s spoofed and report it,Go directly to the official website to reset,It can be confusing,Check the URL and site certificate,To speed up support,A highly targeted email crafted for a specific person,Because it’s required by law,"Run antivirus, change your passwords, report it"
113,2025/09/02 12:02:24 PM GMT+5:30,25,Male,Degree,University /Diploma level,Report it as phishing,It comes from your manager,Delete and mark as spam,Ignore it,"If one is breached, both are compromised",Check the URL and site certificate,To scare you into clicking,A highly targeted email crafted for a specific person,To trick users into feeling safe,"Run antivirus, change your passwords, report it"
114,2025/09/02 12:02:46 PM GMT+5:30,25,Male,Diploma,University /Diploma level,Ignore and delete it,Grammatical mistakes and an urgent tone,Recognize it’s spoofed and report it,Go directly to the official website to reset,"If one is breached, both are compromised",Check the URL and site certificate,To scare you into clicking,A highly targeted email crafted for a specific person,Because it’s required by law,"Run antivirus, change your passwords, report it"
115,2025/09/02 12:03:05 PM GMT+5:30,25,Male,Degree,University /Diploma level,Click the link to check,Grammatical mistakes and an urgent tone,Delete and mark as spam,Ignore it,It can be confusing,Check the URL and site certificate,To scare you into clicking,A highly targeted email crafted for a specific person,Because it’s required by law,Ignore it
116,2025/09/02 12:03:26 PM GMT+5:30,25,Male,Degree,University /Diploma level,Ignore and delete it,Grammatical mistakes and an urgent tone,Assume it’s a mistake,Forward it to someone else,They work on different platforms,Check the URL and site certificate,To scare you into clicking,A highly targeted email crafted for a specific person,To trick users into feeling safe,"Run antivirus, change your passwords, report it"
117,2025/09/02 12:03:49 PM GMT+5:30,25,Male,Degree,University /Diploma level,Click the link to check,Grammatical mistakes and an urgent tone,Recognize it’s spoofed and report it,Go directly to the official website to reset,"If one is breached, both are compromised",Check the URL and site certificate,To speed up support,A highly targeted email crafted for a specific person,Because it’s required by law,"Run antivirus, change your passwords, report it"
118,2025/09/02 12:04:13 PM GMT+5:30,25,Male,Degree,University /Diploma level,Report it as phishing,Grammatical mistakes and an urgent tone,Assume it’s a mistake,Go directly to the official website to reset,"If one is breached, both are compromised",Check the URL and site certificate,To speed up support,A highly targeted email crafted for a specific person,Because it’s required by law,"Run antivirus, change your passwords, report it"
119,2025/09/02 12:04:46 PM GMT+5:30,25,Male,Degree,University /Diploma level,Ignore and delete it,Grammatical mistakes and an urgent tone,Assume it’s a mistake,Go directly to the official website to reset,"If one is breached, both are compromised",Check the URL and site certificate,Because it’s a system error,A highly targeted email crafted for a specific person,Because it’s required by law,"Run antivirus, change your passwords, report it"
120,2025/09/02 12:05:10 PM GMT+5:30,25,Male,Degree,University /Diploma level,Click the link to check,Grammatical mistakes and an urgent tone,Recognize it’s spoofed and report it,Go directly to the official website to reset,They work on different platforms,Check the URL and site certificate,To speed up support,A highly targeted email crafted for a specific person,Because it’s required by law,"Run antivirus, change your passwords, report it"
121,2025/09/02 12:05:31 PM GMT+5:30,25,Male,Degree,University /Diploma level,Ignore and delete it,It comes from your manager,Delete and mark as spam,Go directly to the official website to reset,It can be confusing,Click “Yes” and update later,Because it’s a system error,A highly targeted email crafted for a specific person,Because it’s required by law,Ignore it
122,2025/09/02 12:05:53 PM GMT+5:30,25,Female,Degree,University /Diploma level,Ignore and delete it,The subject line includes your name,Delete and mark as spam,Ignore it,It can be confusing,Click “Yes” and update later,To scare you into clicking,A highly targeted email crafted for a specific person,Because it’s required by law,Ignore it
123,2025/09/02 12:06:13 PM GMT+5:30,25,Female,Degree,University /Diploma level,Ignore and delete it,It comes from your manager,Delete and mark as spam,Go directly to the official website to reset,"If one is breached, both are compromised",Check the URL and site certificate,To speed up support,A highly targeted email crafted for a specific person,Because it’s required by law,"Run antivirus, change your passwords, report it"
124,2025/09/02 12:06:33 PM GMT+5:30,25,Male,Degree,University /Diploma level,Report it as phishing,The subject line includes your name,Delete and mark as spam,Go directly to the official website to reset,"If one is breached, both are compromised",Close the window and restart,To speed up support,A highly targeted email crafted for a specific person,Because it’s required by law,Restart the device
125,2025/09/02 12:06:55 PM GMT+5:30,25,Female,Degree,University /Diploma level,Click the link to check,It comes from your manager,Delete and mark as spam,Go directly to the official website to reset,"If one is breached, both are compromised",Check the URL and site certificate,To scare you into clicking,A highly targeted email crafted for a specific person,Because it’s required by law,"Run antivirus, change your passwords, report it"
126,2025/09/02 12:07:14 PM GMT+5:30,25,Female,Degree,University /Diploma level,Ignore and delete it,Grammatical mistakes and an urgent tone,Recognize it’s spoofed and report it,Go directly to the official website to reset,"If one is breached, both are compromised",Check the URL and site certificate,To speed up support,A highly targeted email crafted for a specific person,Because it’s required by law,"Run antivirus, change your passwords, report it"
127,2025/09/02 12:07:41 PM GMT+5:30,25,Female,Degree,Not,Report it as phishing,The subject line includes your name,Delete and mark as spam,Go directly to the official website to reset,"If one is breached, both are compromised",Check the URL and site certificate,To speed up support,A highly targeted email crafted for a specific person,Because it’s required by law,"Run antivirus, change your passwords, report it"
128,2025/09/02 12:08:10 PM GMT+5:30,25,Female,School O/L,School Level,Ignore and delete it,The subject line includes your name,Delete and mark as spam,Go directly to the official website to reset,"If one is breached, both are compromised",Close the window and restart,To speed up support,A highly targeted email crafted for a specific person,To trick users into feeling safe,"Run antivirus, change your passwords, report it"
129,2025/09/02 12:08:28 PM GMT+5:30,25,Male,School O/L,School Level,Click the link to check,The subject line includes your name,Assume it’s a mistake,Go directly to the official website to reset,"If one is breached, both are compromised",Check the URL and site certificate,To scare you into clicking,A highly targeted email crafted for a specific person,To block ads,"Run antivirus, change your passwords, report it"
130,2025/09/02 12:08:47 PM GMT+5:30,25,Prefer not to say,School O/L,University /Diploma level,Click the link to check,The subject line includes your name,Assume it’s a mistake,Go directly to the official website to reset,It can be confusing,Check the URL and site certificate,To speed up support,A highly targeted email crafted for a specific person,Because it’s required by law,"Run antivirus, change your passwords, report it"
131,2025/09/02 2:19:02 PM GMT+5:30,25,Female,Degree,University /Diploma level,Ignore and delete it,It comes from your manager,Assume it’s a mistake,Ignore it,It can be confusing,Check the URL and site certificate,To scare you into clicking,A generic email to many people,Because it’s required by law,"Run antivirus, change your passwords, report it"
132,2025/09/02 2:19:18 PM GMT+5:30,23,Female,Diploma,University /Diploma level,Ignore and delete it,It comes from your manager,Delete and mark as spam,Click and reset it,It can be confusing,Click “Yes” and update later,To scare you into clicking,A generic email to many people,To trick users into feeling safe,Ignore it
133,2025/09/02 2:19:37 PM GMT+5:30,25,Female,Degree,University /Diploma level,Ignore and delete it,Grammatical mistakes and an urgent tone,Assume it’s a mistake,Go directly to the official website to reset,Because email is not important,Check the URL and site certificate,To scare you into clicking,A highly targeted email crafted for a specific person,To trick users into feeling safe,Ignore it
134,2025/09/02 2:19:56 PM GMT+5:30,25,Male,Degree,University /Diploma level,Ignore and delete it,It comes from your manager,Delete and mark as spam,Ignore it,"If one is breached, both are compromised",Check the URL and site certificate,To help users stay alert,A highly targeted email crafted for a specific person,To trick users into feeling safe,"Run antivirus, change your passwords, report it"
135,2025/09/02 2:20:14 PM GMT+5:30,26,Female,HND,University /Diploma level,Ignore and delete it,Grammatical mistakes and an urgent tone,Delete and mark as spam,Go directly to the official website to reset,"If one is breached, both are compromised",Close the window and restart,To scare you into clicking,A highly targeted email crafted for a specific person,To trick users into feeling safe,"Run antivirus, change your passwords, report it"
136,2025/09/02 2:20:32 PM GMT+5:30,22,Prefer not to say,Degree,University /Diploma level,Ignore and delete it,It comes from your manager,Assume it’s a mistake,Go directly to the official website to reset,It can be confusing,Check the URL and site certificate,To scare you into clicking,A highly targeted email crafted for a specific person,Because it’s required by law,"Run antivirus, change your passwords, report it"
137,2025/09/02 2:20:49 PM GMT+5:30,26,Female,Diploma,University /Diploma level,Report it as phishing,The subject line includes your name,Delete and mark as spam,Go directly to the official website to reset,"If one is breached, both are compromised",Click “Yes” and update later,To speed up support,A highly targeted email crafted for a specific person,Because it’s required by law,"Run antivirus, change your passwords, report it"
138,2025/09/02 2:21:07 PM GMT+5:30,25,Female,Degree,University /Diploma level,Ignore and delete it,The subject line includes your name,Delete and mark as spam,Go directly to the official website to reset,It can be confusing,Check the URL and site certificate,To speed up support,A highly targeted email crafted for a specific person,Because it’s required by law,"Run antivirus, change your passwords, report it"
139,2025/09/02 2:21:25 PM GMT+5:30,26,Female,School A/L,University /Diploma level,Ignore and delete it,It comes from your manager,Delete and mark as spam,Go directly to the official website to reset,"If one is breached, both are compromised",Check the URL and site certificate,To help users stay alert,A generic email to many people,To trick users into feeling safe,Ignore it
140,2025/09/02 2:21:45 PM GMT+5:30,24,Female,Diploma,University /Diploma level,Report it as phishing,Grammatical mistakes and an urgent tone,Assume it’s a mistake,Go directly to the official website to reset,"If one is breached, both are compromised",Check the URL and site certificate,To scare you into clicking,A highly targeted email crafted for a specific person,To trick users into feeling safe,Close the tab and continue working
141,2025/09/02 2:22:07 PM GMT+5:30,22,Female,Degree,Not,Ignore and delete it,Grammatical mistakes and an urgent tone,Assume it’s a mistake,Ignore it,It can be confusing,Click “Yes” and update later,To scare you into clicking,A highly targeted email crafted for a specific person,To improve speed,Close the tab and continue working
142,2025/09/02 2:28:58 PM GMT+5:30,25,Prefer not to say,Diploma,University /Diploma level,Click the link to check,The subject line includes your name,Delete and mark as spam,Go directly to the official website to reset,"If one is breached, both are compromised",Check the URL and site certificate,To scare you into clicking,A highly targeted email crafted for a specific person,Because it’s required by law,Ignore it
143,2025/09/02 2:29:25 PM GMT+5:30,24,Female,Diploma,University /Diploma level,Ignore and delete it,The subject line includes your name,Assume it’s a mistake,Ignore it,It can be confusing,Close the window and restart,To speed up support,A highly targeted email crafted for a specific person,Because it’s required by law,"Run antivirus, change your passwords, report it"
144,2025/09/02 2:29:49 PM GMT+5:30,25,Female,School A/L,University /Diploma level,Click the link to check,The subject line includes your name,Delete and mark as spam,Go directly to the official website to reset,It can be confusing,Close the window and restart,To scare you into clicking,A highly targeted email crafted for a specific person,To block ads,"Run antivirus, change your passwords, report it"
145,2025/09/02 2:30:11 PM GMT+5:30,25,Prefer not to say,Diploma,University /Diploma level,Click the link to check,It comes from your manager,Delete and mark as spam,Go directly to the official website to reset,It can be confusing,Click “Yes” and update later,To speed up support,A highly targeted email crafted for a specific person,Because it’s required by law,Ignore it
146,2025/09/02 2:30:40 PM GMT+5:30,22,Female,Degree,University /Diploma level,Click the link to check,It comes from your manager,Delete and mark as spam,Go directly to the official website to reset,"If one is breached, both are compromised",Check the URL and site certificate,To scare you into clicking,A generic email to many people,Because it’s required by law,Ignore it
147,2025/09/02 2:31:02 PM GMT+5:30,27,Female,Degree,University /Diploma level,Ignore and delete it,It comes from your manager,Delete and mark as spam,Go directly to the official website to reset,It can be confusing,Check the URL and site certificate,To help users stay alert,A highly targeted email crafted for a specific person,To trick users into feeling safe,Close the tab and continue working
148,2025/09/02 2:31:23 PM GMT+5:30,26,Female,School A/L,University /Diploma level,Ignore and delete it,It comes from your manager,Delete and mark as spam,Go directly to the official website to reset,They work on different platforms,Check the URL and site certificate,To scare you into clicking,A highly targeted email crafted for a specific person,To trick users into feeling safe,Ignore it
149,2025/09/02 2:31:48 PM GMT+5:30,25,Female,Diploma,University /Diploma level,Click the link to check,It comes from your manager,Assume it’s a mistake,Go directly to the official website to reset,"If one is breached, both are compromised",Check the URL and site certificate,To scare you into clicking,A highly targeted email crafted for a specific person,Because it’s required by law,"Run antivirus, change your passwords, report it"
150,2025/09/02 2:32:08 PM GMT+5:30,25,Male,Degree,University /Diploma level,Report it as phishing,It comes from your manager,Delete and mark as spam,Go directly to the official website to reset,Because email is not important,Check the URL and site certificate,To speed up support,A highly targeted email crafted for a specific person,Because it’s required by law,"Run antivirus, change your passwords, report it"
151,2025/09/07 9:21:20 PM GMT+5:30,26,Female,HND,University /Diploma level,Click the link to check,It comes from your manager,Assume it’s a mistake,Ignore it,Because email is not important,Check the URL and site certificate,To speed up support,A highly targeted email crafted for a specific person,Because it’s required by law,Ignore it
152,2025/09/07 9:21:38 PM GMT+5:30,25,Female,Degree,University /Diploma level,Click the link to check,It comes from your manager,Assume it’s a mistake,Forward it to someone else,It can be confusing,Check the URL and site certificate,To scare you into clicking,A generic email to many people,To improve speed,Close the tab and continue working
153,2025/09/07 9:21:58 PM GMT+5:30,26,Female,Degree,University /Diploma level,Ignore and delete it,The subject line includes your name,Recognize it’s spoofed and report it,Go directly to the official website to reset,"If one is breached, both are compromised",Close the window and restart,To scare you into clicking,A highly targeted email crafted for a specific person,To block ads,"Run antivirus, change your passwords, report it"
154,2025/09/07 9:22:20 PM GMT+5:30,25,Female,Degree,University /Diploma level,Ignore and delete it,The subject line includes your name,Reply to confirm if it’s real,Click and reset it,It can be confusing,Close the window and restart,To scare you into clicking,A generic email to many people,To improve speed,Close the tab and continue working
155,2025/09/07 9:22:40 PM GMT+5:30,25,Female,Degree,University /Diploma level,Report it as phishing,It comes from your manager,Delete and mark as spam,Go directly to the official website to reset,"If one is breached, both are compromised",Check the URL and site certificate,To scare you into clicking,A highly targeted email crafted for a specific person,Because it’s required by law,"Run antivirus, change your passwords, report it"
156,2025/09/07 9:23:03 PM GMT+5:30,25,Female,Degree,University /Diploma level,Ignore and delete it,It comes from your manager,Assume it’s a mistake,Click and reset it,It can be confusing,Close the window and restart,To speed up support,A virus in a PDF,Because it’s required by law,"Run antivirus, change your passwords, report it"
157,2025/09/07 9:23:25 PM GMT+5:30,25,Female,Degree,University /Diploma level,Ignore and delete it,Grammatical mistakes and an urgent tone,Delete and mark as spam,Go directly to the official website to reset,"If one is breached, both are compromised",Close the window and restart,To scare you into clicking,A highly targeted email crafted for a specific person,To trick users into feeling safe,Ignore it
158,2025/09/07 9:23:44 PM GMT+5:30,25,Female,Degree,University /Diploma level,Ignore and delete it,The subject line includes your name,Assume it’s a mistake,Ignore it,"If one is breached, both are compromised",Check the URL and site certificate,To speed up support,A highly targeted email crafted for a specific person,Because it’s required by law,"Run antivirus, change your passwords, report it"
159,2025/09/07 9:24:07 PM GMT+5:30,25,Female,Degree,University /Diploma level,Click the link to check,It comes from your manager,Delete and mark as spam,Go directly to the official website to reset,Because email is not important,Close the window and restart,To scare you into clicking,A highly targeted email crafted for a specific person,To block ads,"Run antivirus, change your passwords, report it"
160,2025/09/07 9:24:28 PM GMT+5:30,25,Female,Degree,University /Diploma level,Ignore and delete it,It comes from your manager,Assume it’s a mistake,Ignore it,Because email is not important,Check the URL and site certificate,To speed up support,A highly targeted email crafted for a specific person,To block ads,"Run antivirus, change your passwords, report it"
161,2025/09/07 9:24:49 PM GMT+5:30,25,Female,Degree,University /Diploma level,Ignore and delete it,The subject line includes your name,Delete and mark as spam,Go directly to the official website to reset,"If one is breached, both are compromised",Check the URL and site certificate,To scare you into clicking,A highly targeted email crafted for a specific person,To trick users into feeling safe,Ignore it
162,2025/09/07 9:25:18 PM GMT+5:30,25,Female,HND,University /Diploma level,Click the link to check,It comes from your manager,Assume it’s a mistake,Ignore it,It can be confusing,Check the URL and site certificate,To speed up support,A generic email to many people,Because it’s required by law,"Run antivirus, change your passwords, report it"
163,2025/09/07 9:25:37 PM GMT+5:30,25,Female,Degree,University /Diploma level,Ignore and delete it,It comes from your manager,Assume it’s a mistake,Ignore it,"If one is breached, both are compromised",Click “Yes” and update later,To speed up support,A generic email to many people,Because it’s required by law,"Run antivirus, change your passwords, report it"
164,2025/09/07 9:25:59 PM GMT+5:30,25,Female,Degree,University /Diploma level,Ignore and delete it,The subject line includes your name,Assume it’s a mistake,Go directly to the official website to reset,"If one is breached, both are compromised",Check the URL and site certificate,To speed up support,A highly targeted email crafted for a specific person,Because it’s required by law,"Run antivirus, change your passwords, report it"
165,2025/09/07 9:26:21 PM GMT+5:30,25,Female,Degree,University /Diploma level,Ignore and delete it,The subject line includes your name,Delete and mark as spam,Go directly to the official website to reset,"If one is breached, both are compromised",Close the window and restart,To speed up support,A highly targeted email crafted for a specific person,Because it’s required by law,Ignore it
166,2025/09/07 9:28:26 PM GMT+5:30,25,Female,Degree,University /Diploma level,Ignore and delete it,It comes from your manager,Assume it’s a mistake,Ignore it,"If one is breached, both are compromised",Check the URL and site certificate,To speed up support,A generic email to many people,To trick users into feeling safe,"Run antivirus, change your passwords, report it"
167,2025/09/07 9:28:48 PM GMT+5:30,25,Female,Degree,University /Diploma level,Report it as phishing,The subject line includes your name,Recognize it’s spoofed and report it,Go directly to the official website to reset,"If one is breached, both are compromised",Check the URL and site certificate,Because it’s a system error,A highly targeted email crafted for a specific person,Because it’s required by law,"Run antivirus, change your passwords, report it"
168,2025/09/07 9:29:06 PM GMT+5:30,25,Female,Degree,University /Diploma level,Ignore and delete it,Grammatical mistakes and an urgent tone,Assume it’s a mistake,Ignore it,"If one is breached, both are compromised",Check the URL and site certificate,To speed up support,A highly targeted email crafted for a specific person,Because it’s required by law,Close the tab and continue working
169,2025/09/07 9:29:26 PM GMT+5:30,26,Female,Degree,University /Diploma level,Ignore and delete it,The subject line includes your name,Recognize it’s spoofed and report it,Go directly to the official website to reset,"If one is breached, both are compromised",Check the URL and site certificate,To speed up support,A generic email to many people,Because it’s required by law,"Run antivirus, change your passwords, report it"
170,2025/09/07 9:29:45 PM GMT+5:30,25,Female,Degree,University /Diploma level,Ignore and delete it,It comes from your manager,Assume it’s a mistake,Go directly to the official website to reset,"If one is breached, both are compromised",Check the URL and site certificate,To speed up support,A highly targeted email crafted for a specific person,Because it’s required by law,"Run antivirus, change your passwords, report it"
171,2025/09/07 9:30:12 PM GMT+5:30,25,Female,Degree,University /Diploma level,Ignore and delete it,It comes from your manager,Assume it’s a mistake,Ignore it,"If one is breached, both are compromised",Close the window and restart,To speed up support,A highly targeted email crafted for a specific person,Because it’s required by law,"Run antivirus, change your passwords, report it"
172,2025/09/07 9:30:31 PM GMT+5:30,26,Female,Diploma,University /Diploma level,Ignore and delete it,The subject line includes your name,Assume it’s a mistake,Go directly to the official website to reset,"If one is breached, both are compromised",Click “Yes” and update later,To scare you into clicking,A highly targeted email crafted for a specific person,Because it’s required by law,"Run antivirus, change your passwords, report it"
173,2025/09/07 9:30:56 PM GMT+5:30,25,Female,Degree,University /Diploma level,Reply and confirm,Grammatical mistakes and an urgent tone,Reply to confirm if it’s real,Ignore it,It can be confusing,Close the window and restart,To speed up support,A highly targeted email crafted for a specific person,To trick users into feeling safe,"Run antivirus, change your passwords, report it"
174,2025/09/07 9:31:17 PM GMT+5:30,25,Female,Degree,University /Diploma level,Ignore and delete it,The subject line includes your name,Recognize it’s spoofed and report it,Ignore it,"If one is breached, both are compromised",Check the URL and site certificate,To speed up support,A highly targeted email crafted for a specific person,To block ads,"Run antivirus, change your passwords, report it"
175,2025/09/07 9:31:37 PM GMT+5:30,25,Female,Degree,University /Diploma level,Ignore and delete it,It comes from your manager,Assume it’s a mistake,Go directly to the official website to reset,"If one is breached, both are compromised",Check the URL and site certificate,Because it’s a system error,A highly targeted email crafted for a specific person,Because it’s required by law,"Run antivirus, change your passwords, report it"
176,2025/09/07 9:31:56 PM GMT+5:30,25,Female,Degree,University /Diploma level,Ignore and delete it,The subject line includes your name,Recognize it’s spoofed and report it,Go directly to the official website to reset,"If one is breached, both are compromised",Check the URL and site certificate,Because it’s a system error,A highly targeted email crafted for a specific person,Because it’s required by law,"Run antivirus, change your passwords, report it"
177,2025/09/07 9:32:17 PM GMT+5:30,25,Female,Diploma,University /Diploma level,Ignore and delete it,The subject line includes your name,Delete and mark as spam,Go directly to the official website to reset,"If one is breached, both are compromised",Check the URL and site certificate,To speed up support,A highly targeted email crafted for a specific person,Because it’s required by law,"Run antivirus, change your passwords, report it"
178,2025/09/07 9:32:38 PM GMT+5:30,25,Female,Degree,University /Diploma level,Ignore and delete it,The subject line includes your name,Delete and mark as spam,Go directly to the official website to reset,They work on different platforms,Check the URL and site certificate,To speed up support,A highly targeted email crafted for a specific person,Because it’s required by law,"Run antivirus, change your passwords, report it"
179,2025/09/07 9:32:56 PM GMT+5:30,25,Female,Degree,University /Diploma level,Report it as phishing,The subject line includes your name,Recognize it’s spoofed and report it,Go directly to the official website to reset,"If one is breached, both are compromised",Check the URL and site certificate,To speed up support,A highly targeted email crafted for a specific person,Because it’s required by law,"Run antivirus, change your passwords, report it"
180,2025/09/07 9:33:15 PM GMT+5:30,25,Female,Degree,University /Diploma level,Click the link to check,It comes from your manager,Delete and mark as spam,Forward it to someone else,"If one is breached, both are compromised",Click “Yes” and update later,To scare you into clicking,A generic email to many people,Because it’s required by law,Ignore it
181,2025/09/09 9:50:00 AM GMT+5:30,24,Female,HND,University /Diploma level,Ignore and delete it,It comes from your manager,Assume it’s a mistake,Go directly to the official website to reset,"If one is breached, both are compromised",Check the URL and site certificate,To scare you into clicking,A generic email to many people,Because it’s required by law,"Run antivirus, change your passwords, report it"
182,2025/09/09 9:50:21 AM GMT+5:30,25,Female,Degree,University /Diploma level,Click the link to check,It comes from your manager,Delete and mark as spam,Go directly to the official website to reset,"If one is breached, both are compromised",Check the URL and site certificate,To speed up support,A highly targeted email crafted for a specific person,To trick users into feeling safe,"Run antivirus, change your passwords, report it"
183,2025/09/09 9:50:40 AM GMT+5:30,25,Female,Degree,University /Diploma level,Ignore and delete it,It comes from your manager,Assume it’s a mistake,Ignore it,"If one is breached, both are compromised",Check the URL and site certificate,To speed up support,A highly targeted email crafted for a specific person,Because it’s required by law,"Run antivirus, change your passwords, report it"
184,2025/09/09 9:51:00 AM GMT+5:30,25,Female,Degree,University /Diploma level,Ignore and delete it,Grammatical mistakes and an urgent tone,Assume it’s a mistake,Go directly to the official website to reset,"If one is breached, both are compromised",Click “Yes” and update later,To speed up support,A generic email to many people,To trick users into feeling safe,Ignore it
185,2025/09/09 9:51:19 AM GMT+5:30,24,Female,Degree,University /Diploma level,Report it as phishing,It comes from your manager,Reply to confirm if it’s real,Go directly to the official website to reset,It can be confusing,Check the URL and site certificate,To speed up support,A highly targeted email crafted for a specific person,Because it’s required by law,Close the tab and continue working
186,2025/09/09 9:51:38 AM GMT+5:30,25,Female,Degree,University /Diploma level,Ignore and delete it,It comes from your manager,Assume it’s a mistake,Go directly to the official website to reset,It can be confusing,Check the URL and site certificate,To speed up support,A generic email to many people,Because it’s required by law,Ignore it
187,2025/09/09 9:51:58 AM GMT+5:30,24,Female,Degree,University /Diploma level,Click the link to check,Grammatical mistakes and an urgent tone,Reply to confirm if it’s real,Ignore it,"If one is breached, both are compromised",Check the URL and site certificate,To scare you into clicking,A highly targeted email crafted for a specific person,Because it’s required by law,Ignore it
188,2025/09/09 9:52:31 AM GMT+5:30,25,Female,Degree,University /Diploma level,Ignore and delete it,No signature at the end,Delete and mark as spam,Go directly to the official website to reset,"If one is breached, both are compromised",Close the window and restart,To scare you into clicking,A generic email to many people,To trick users into feeling safe,"Run antivirus, change your passwords, report it"
189,2025/09/09 9:53:03 AM GMT+5:30,25,Female,Degree,University /Diploma level,Ignore and delete it,The subject line includes your name,Delete and mark as spam,Go directly to the official website to reset,"If one is breached, both are compromised",Check the URL and site certificate,Because it’s a system error,A generic email to many people,To block ads,"Run antivirus, change your passwords, report it"
190,2025/09/09 10:27:16 AM GMT+5:30,25,Female,Degree,University /Diploma level,Ignore and delete it,Grammatical mistakes and an urgent tone,Assume it’s a mistake,Ignore it,"If one is breached, both are compromised",Click “Yes” and update later,To speed up support,A highly targeted email crafted for a specific person,Because it’s required by law,"Run antivirus, change your passwords, report it"
191,2025/09/09 10:28:44 AM GMT+5:30,25,Female,Degree,University /Diploma level,Ignore and delete it,It comes from your manager,Delete and mark as spam,Ignore it,"If one is breached, both are compromised",Click “Yes” and update later,To speed up support,A highly targeted email crafted for a specific person,Because it’s required by law,"Run antivirus, change your passwords, report it"
192,2025/09/09 10:29:02 AM GMT+5:30,25,Female,HND,University /Diploma level,Click the link to check,Grammatical mistakes and an urgent tone,Assume it’s a mistake,Ignore it,"If one is breached, both are compromised",Close the window and restart,To speed up support,A highly targeted email crafted for a specific person,Because it’s required by law,"Run antivirus, change your passwords, report it"
193,2025/09/09 10:29:23 AM GMT+5:30,25,Female,Degree,University /Diploma level,Ignore and delete it,It comes from your manager,Delete and mark as spam,Go directly to the official website to reset,"If one is breached, both are compromised",Close the window and restart,To scare you into clicking,A generic email to many people,To trick users into feeling safe,"Run antivirus, change your passwords, report it"
194,2025/09/09 10:29:42 AM GMT+5:30,25,Female,Degree,University /Diploma level,Ignore and delete it,The subject line includes your name,Assume it’s a mistake,Go directly to the official website to reset,"If one is breached, both are compromised",Check the URL and site certificate,Because it’s a system error,A highly targeted email crafted for a specific person,Because it’s required by law,"Run antivirus, change your passwords, report it"
195,2025/09/09 10:30:07 AM GMT+5:30,26,Female,Degree,University /Diploma level,Report it as phishing,The subject line includes your name,Delete and mark as spam,Go directly to the official website to reset,"If one is breached, both are compromised",Check the URL and site certificate,To scare you into clicking,A highly targeted email crafted for a specific person,To trick users into feeling safe,Ignore it
196,2025/09/09 10:30:25 AM GMT+5:30,26,Female,HND,University /Diploma level,Click the link to check,The subject line includes your name,Delete and mark as spam,Go directly to the official website to reset,"If one is breached, both are compromised",Check the URL and site certificate,To speed up support,A highly targeted email crafted for a specific person,Because it’s required by law,"Run antivirus, change your passwords, report it"
197,2025/09/09 10:31:01 AM GMT+5:30,25,Prefer not to say,HND,University /Diploma level,Ignore and delete it,The subject line includes your name,Delete and mark as spam,Go directly to the official website to reset,They work on different platforms,Check the URL and site certificate,To speed up support,A highly targeted email crafted for a specific person,Because it’s required by law,"Run antivirus, change your passwords, report it"
198,2025/09/09 10:31:20 AM GMT+5:30,25,Female,HND,University /Diploma level,Ignore and delete it,The subject line includes your name,Delete and mark as spam,Go directly to the official website to reset,They work on different platforms,Check the URL and site certificate,To speed up support,A highly targeted email crafted for a specific person,Because it’s required by law,"Run antivirus, change your passwords, report it"
199,2025/09/09 10:31:40 AM GMT+5:30,25,Female,Degree,University /Diploma level,Report it as phishing,The subject line includes your name,Recognize it’s spoofed and report it,Go directly to the official website to reset,"If one is breached, both are compromised",Check the URL and site certificate,To speed up support,A highly targeted email crafted for a specific person,Because it’s required by law,"Run antivirus, change your passwords, report it"
200,2025/09/09 10:32:29 AM GMT+5:30,25,Female,Degree,University /Diploma level,Click the link to check,The subject line includes your name,Delete and mark as spam,Go directly to the official website to reset,"If one is breached, both are compromised",Close the window and restart,To speed up support,A highly targeted email crafted for a specific person,Because it’s required by law,"Run antivirus, change your passwords, report it"